{
  "BNB/USDT|1h": {
    "bias": "\ud83d\udd34 SHORT",
    "last_alert_epoch": 1769534763.9920273,
    "last_seen_epoch": 1769538702.979083,
    "score": 20.0,
    "weight": 0.5
  },
  "BNB/USDT|4h": {
    "bias": "\ud83d\udd34 SHORT",
    "last_alert_epoch": 1768405499.0056589,
    "last_seen_epoch": 1769538702.979083,
    "score": 0.0,
    "weight": 1.0
  },
  "BNB/USDT|5m": {
    "bias": "\u26aa NEUTRAL",
    "last_alert_epoch": 1769536362.4111767,
    "last_seen_epoch": 1769538702.979083,
    "score": 50.0,
    "weight": 0.0
  },
  "BTC/USDT|1h": {
    "bias": "\ud83d\udd34 SHORT",
    "last_alert_epoch": 1769192804.565686,
    "last_seen_epoch": 1769538702.979083,
    "score": 0.0,
    "weight": 1.0
  },
  "BTC/USDT|4h": {
    "bias": "\ud83d\udd34 SHORT",
    "last_alert_epoch": 1768499788.7441607,
    "last_seen_epoch": 1769538702.979083,
    "score": 20.0,
    "weight": 0.5
  },
  "BTC/USDT|5m": {
    "bias": "\ud83d\udd34 SHORT",
    "last_alert_epoch": 1769534763.9920273,
    "last_seen_epoch": 1769538702.979083,
    "score": 20.0,
    "weight": 0.5
  },
  "ETH/USDT|1h": {
    "bias": "\ud83d\udd34 SHORT",
    "last_alert_epoch": 1769534763.9920273,
    "last_seen_epoch": 1769538702.979083,
    "score": 20.0,
    "weight": 0.5
  },
  "ETH/USDT|4h": {
    "bias": "\ud83d\udd34 SHORT",
    "last_alert_epoch": 1769534763.9920273,
    "last_seen_epoch": 1769538702.979083,
    "score": 40.0,
    "weight": 0.0
  },
  "ETH/USDT|5m": {
    "bias": "\u26aa NEUTRAL",
    "last_alert_epoch": 1769536362.4111767,
    "last_seen_epoch": 1769538702.979083,
    "score": 50.0,
    "weight": 0.0
  },
  "SOL/USDT|1h": {
    "bias": "\ud83d\udd34 SHORT",
    "last_alert_epoch": 1769534763.9920273,
    "last_seen_epoch": 1769538702.979083,
    "score": 0.0,
    "weight": 1.0
  },
  "SOL/USDT|4h": {
    "bias": "\ud83d\udd34 SHORT",
    "last_alert_epoch": 1768492459.0160048,
    "last_seen_epoch": 1769538702.979083,
    "score": 20.0,
    "weight": 0.5
  },
  "SOL/USDT|5m": {
    "bias": "\u26aa NEUTRAL",
    "last_alert_epoch": 1769534763.9920273,
    "last_seen_epoch": 1769538702.979083,
    "score": 50.0,
    "weight": 0.0
  },
  "XRP/USDT|1h": {
    "bias": "\ud83d\udd34 SHORT",
    "last_alert_epoch": 1769441079.1616564,
    "last_seen_epoch": 1769538702.979083,
    "score": 0.0,
    "weight": 1.0
  },
  "XRP/USDT|4h": {
    "bias": "\ud83d\udd34 SHORT",
    "last_alert_epoch": 1768488559.012632,
    "last_seen_epoch": 1769538702.979083,
    "score": 0.0,
    "weight": 1.0
  },
  "XRP/USDT|5m": {
    "bias": "\ud83d\udd34 SHORT",
    "last_alert_epoch": 1769449919.0920448,
    "last_seen_epoch": 1769538702.979083,
    "score": 20.0,
    "weight": 0.5
  },
  "last_alert_ts": {
    "BNB/USDT|4h": 1760463427.7212505
  },
  "prev_bias": {
    "BNB/USDT|1h": "\ud83d\udd34 SHORT",
    "BNB/USDT|4h": "\u26aa NEUTRAL",
    "BNB/USDT|5m": "\ud83d\udd34 SHORT",
    "BTC/USDT|1h": "\ud83d\udd34 SHORT",
    "BTC/USDT|4h": "\ud83d\udd34 SHORT",
    "BTC/USDT|5m": "\ud83d\udd34 SHORT",
    "ETH/USDT|1h": "\ud83d\udd34 SHORT",
    "ETH/USDT|4h": "\ud83d\udd34 SHORT",
    "ETH/USDT|5m": "\ud83d\udd34 SHORT",
    "SOL/USDT|1h": "\ud83d\udd34 SHORT",
    "SOL/USDT|4h": "\ud83d\udd34 SHORT",
    "SOL/USDT|5m": "\u26aa NEUTRAL",
    "XRP/USDT|1h": "\ud83d\udd34 SHORT",
    "XRP/USDT|4h": "\ud83d\udd34 SHORT",
    "XRP/USDT|5m": "\ud83d\udd34 SHORT"
  }
}