{
  "BNB/USDT|1h": {
    "bias": "\ud83d\udfe2 LONG",
    "last_alert_epoch": 1764507810.1852405,
    "last_seen_epoch": 1764510097.838284,
    "score": 80.0,
    "weight": 0.56
  },
  "BNB/USDT|4h": {
    "bias": "\ud83d\udd34 SHORT",
    "last_alert_epoch": 1762575447.200584,
    "last_seen_epoch": 1764510097.838284,
    "score": 0.0,
    "weight": 1.0
  },
  "BNB/USDT|5m": {
    "bias": "\ud83d\udfe2 LONG",
    "last_alert_epoch": 1764507810.1852405,
    "last_seen_epoch": 1764510097.838284,
    "score": 70.0,
    "weight": 0.33
  },
  "BTC/USDT|1h": {
    "bias": "\ud83d\udfe2 LONG",
    "last_alert_epoch": 1764510097.838284,
    "last_seen_epoch": 1764510097.838284,
    "score": 80.0,
    "weight": 0.56
  },
  "BTC/USDT|4h": {
    "bias": "\ud83d\udd34 SHORT",
    "last_alert_epoch": 1764188262.5542858,
    "last_seen_epoch": 1764510097.838284,
    "score": 0.0,
    "weight": 1.0
  },
  "BTC/USDT|5m": {
    "bias": "\u26aa NEUTRAL",
    "last_alert_epoch": 1764492177.8545895,
    "last_seen_epoch": 1764510097.838284,
    "score": 50.0,
    "weight": 0.0
  },
  "ETH/USDT|1h": {
    "bias": "\ud83d\udfe2 LONG",
    "last_alert_epoch": 1764510097.838284,
    "last_seen_epoch": 1764510097.838284,
    "score": 80.0,
    "weight": 0.56
  },
  "ETH/USDT|4h": {
    "bias": "\ud83d\udd34 SHORT",
    "last_alert_epoch": 1764015496.061634,
    "last_seen_epoch": 1764510097.838284,
    "score": 0.0,
    "weight": 1.0
  },
  "ETH/USDT|5m": {
    "bias": "\u26aa NEUTRAL",
    "last_alert_epoch": 1764507810.1852405,
    "last_seen_epoch": 1764510097.838284,
    "score": 50.0,
    "weight": 0.0
  },
  "SOL/USDT|1h": {
    "bias": "\u26aa NEUTRAL",
    "last_alert_epoch": 1764181209.821248,
    "last_seen_epoch": 1764510097.838284,
    "score": 50.0,
    "weight": 0.0
  },
  "SOL/USDT|4h": {
    "bias": "\ud83d\udd34 SHORT",
    "last_alert_epoch": 1764188262.5542858,
    "last_seen_epoch": 1764510097.838284,
    "score": 0.0,
    "weight": 1.0
  },
  "SOL/USDT|5m": {
    "bias": "\ud83d\udfe2 LONG",
    "last_alert_epoch": 1764505751.6580403,
    "last_seen_epoch": 1764510097.838284,
    "score": 70.0,
    "weight": 0.33
  },
  "XRP/USDT|1h": {
    "bias": "\ud83d\udd34 SHORT",
    "last_alert_epoch": 1764350023.1252654,
    "last_seen_epoch": 1764510097.838284,
    "score": 30.0,
    "weight": 0.25
  },
  "XRP/USDT|4h": {
    "bias": "\ud83d\udd34 SHORT",
    "last_alert_epoch": 1764008648.0627725,
    "last_seen_epoch": 1764510097.838284,
    "score": 0.0,
    "weight": 1.0
  },
  "XRP/USDT|5m": {
    "bias": "\ud83d\udd34 SHORT",
    "last_alert_epoch": 1764478298.6602826,
    "last_seen_epoch": 1764510097.838284,
    "score": 20.0,
    "weight": 0.5
  },
  "last_alert_ts": {
    "BNB/USDT|4h": 1760463427.7212505
  },
  "prev_bias": {
    "BNB/USDT|1h": "\ud83d\udd34 SHORT",
    "BNB/USDT|4h": "\u26aa NEUTRAL",
    "BNB/USDT|5m": "\ud83d\udd34 SHORT",
    "BTC/USDT|1h": "\ud83d\udd34 SHORT",
    "BTC/USDT|4h": "\ud83d\udd34 SHORT",
    "BTC/USDT|5m": "\ud83d\udd34 SHORT",
    "ETH/USDT|1h": "\ud83d\udd34 SHORT",
    "ETH/USDT|4h": "\ud83d\udd34 SHORT",
    "ETH/USDT|5m": "\ud83d\udd34 SHORT",
    "SOL/USDT|1h": "\ud83d\udd34 SHORT",
    "SOL/USDT|4h": "\ud83d\udd34 SHORT",
    "SOL/USDT|5m": "\u26aa NEUTRAL",
    "XRP/USDT|1h": "\ud83d\udd34 SHORT",
    "XRP/USDT|4h": "\ud83d\udd34 SHORT",
    "XRP/USDT|5m": "\ud83d\udd34 SHORT"
  }
}