{
  "BNB/USDT|1h": {
    "bias": "\ud83d\udd34 SHORT",
    "last_alert_epoch": 1767250572.8953416,
    "last_seen_epoch": 1767255787.5168726,
    "score": 20.0,
    "weight": 0.5
  },
  "BNB/USDT|4h": {
    "bias": "\ud83d\udd34 SHORT",
    "last_alert_epoch": 1765311404.1720984,
    "last_seen_epoch": 1767255787.5168726,
    "score": 0.0,
    "weight": 1.0
  },
  "BNB/USDT|5m": {
    "bias": "\ud83d\udd34 SHORT",
    "last_alert_epoch": 1767241947.6179838,
    "last_seen_epoch": 1767255787.5168726,
    "score": 0.0,
    "weight": 1.0
  },
  "BTC/USDT|1h": {
    "bias": "\ud83d\udd34 SHORT",
    "last_alert_epoch": 1767194217.5548964,
    "last_seen_epoch": 1767255787.5168726,
    "score": 0.0,
    "weight": 1.0
  },
  "BTC/USDT|4h": {
    "bias": "\ud83d\udd34 SHORT",
    "last_alert_epoch": 1765311404.1720984,
    "last_seen_epoch": 1767255787.5168726,
    "score": 0.0,
    "weight": 1.0
  },
  "BTC/USDT|5m": {
    "bias": "\ud83d\udd34 SHORT",
    "last_alert_epoch": 1767192184.5890472,
    "last_seen_epoch": 1767255787.5168726,
    "score": 0.0,
    "weight": 1.0
  },
  "ETH/USDT|1h": {
    "bias": "\ud83d\udd34 SHORT",
    "last_alert_epoch": 1767190603.7250125,
    "last_seen_epoch": 1767255787.5168726,
    "score": 30.0,
    "weight": 0.25
  },
  "ETH/USDT|4h": {
    "bias": "\ud83d\udd34 SHORT",
    "last_alert_epoch": 1766982809.1040277,
    "last_seen_epoch": 1767255787.5168726,
    "score": 0.0,
    "weight": 1.0
  },
  "ETH/USDT|5m": {
    "bias": "\ud83d\udd34 SHORT",
    "last_alert_epoch": 1767199681.346111,
    "last_seen_epoch": 1767255787.5168726,
    "score": 30.0,
    "weight": 0.25
  },
  "SOL/USDT|1h": {
    "bias": "\ud83d\udd34 SHORT",
    "last_alert_epoch": 1767250572.8953416,
    "last_seen_epoch": 1767255787.5168726,
    "score": 20.0,
    "weight": 0.5
  },
  "SOL/USDT|4h": {
    "bias": "\ud83d\udd34 SHORT",
    "last_alert_epoch": 1766982809.1040277,
    "last_seen_epoch": 1767255787.5168726,
    "score": 0.0,
    "weight": 1.0
  },
  "SOL/USDT|5m": {
    "bias": "\ud83d\udd34 SHORT",
    "last_alert_epoch": 1767190603.7250125,
    "last_seen_epoch": 1767255787.5168726,
    "score": 0.0,
    "weight": 1.0
  },
  "XRP/USDT|1h": {
    "bias": "\ud83d\udd34 SHORT",
    "last_alert_epoch": 1766175506.9668682,
    "last_seen_epoch": 1767255787.5168726,
    "score": 20.0,
    "weight": 0.5
  },
  "XRP/USDT|4h": {
    "bias": "\ud83d\udd34 SHORT",
    "last_alert_epoch": 1765311404.1720984,
    "last_seen_epoch": 1767255787.5168726,
    "score": 0.0,
    "weight": 1.0
  },
  "XRP/USDT|5m": {
    "bias": "\ud83d\udd34 SHORT",
    "last_alert_epoch": 1767246518.3392196,
    "last_seen_epoch": 1767255787.5168726,
    "score": 0.0,
    "weight": 1.0
  },
  "last_alert_ts": {
    "BNB/USDT|4h": 1760463427.7212505
  },
  "prev_bias": {
    "BNB/USDT|1h": "\ud83d\udd34 SHORT",
    "BNB/USDT|4h": "\u26aa NEUTRAL",
    "BNB/USDT|5m": "\ud83d\udd34 SHORT",
    "BTC/USDT|1h": "\ud83d\udd34 SHORT",
    "BTC/USDT|4h": "\ud83d\udd34 SHORT",
    "BTC/USDT|5m": "\ud83d\udd34 SHORT",
    "ETH/USDT|1h": "\ud83d\udd34 SHORT",
    "ETH/USDT|4h": "\ud83d\udd34 SHORT",
    "ETH/USDT|5m": "\ud83d\udd34 SHORT",
    "SOL/USDT|1h": "\ud83d\udd34 SHORT",
    "SOL/USDT|4h": "\ud83d\udd34 SHORT",
    "SOL/USDT|5m": "\u26aa NEUTRAL",
    "XRP/USDT|1h": "\ud83d\udd34 SHORT",
    "XRP/USDT|4h": "\ud83d\udd34 SHORT",
    "XRP/USDT|5m": "\ud83d\udd34 SHORT"
  }
}