{
  "BNB/USDT|1h": {
    "bias": "\ud83d\udd34 SHORT",
    "last_alert_epoch": 1771992978.8135293,
    "last_seen_epoch": 1772008898.8752134,
    "score": 20.0,
    "weight": 0.5
  },
  "BNB/USDT|4h": {
    "bias": "\ud83d\udd34 SHORT",
    "last_alert_epoch": 1768405499.0056589,
    "last_seen_epoch": 1772008898.8752134,
    "score": 20.0,
    "weight": 0.5
  },
  "BNB/USDT|5m": {
    "bias": "\ud83d\udd34 SHORT",
    "last_alert_epoch": 1771992978.8135293,
    "last_seen_epoch": 1772008898.8752134,
    "score": 30.0,
    "weight": 0.25
  },
  "BTC/USDT|1h": {
    "bias": "\ud83d\udd34 SHORT",
    "last_alert_epoch": 1771992978.8135293,
    "last_seen_epoch": 1772008898.8752134,
    "score": 20.0,
    "weight": 0.5
  },
  "BTC/USDT|4h": {
    "bias": "\ud83d\udd34 SHORT",
    "last_alert_epoch": 1769610327.0135648,
    "last_seen_epoch": 1772008898.8752134,
    "score": 20.0,
    "weight": 0.5
  },
  "BTC/USDT|5m": {
    "bias": "\ud83d\udd34 SHORT",
    "last_alert_epoch": 1771998167.391801,
    "last_seen_epoch": 1772008898.8752134,
    "score": 30.0,
    "weight": 0.25
  },
  "ETH/USDT|1h": {
    "bias": "\ud83d\udd34 SHORT",
    "last_alert_epoch": 1771992978.8135293,
    "last_seen_epoch": 1772008898.8752134,
    "score": 20.0,
    "weight": 0.5
  },
  "ETH/USDT|4h": {
    "bias": "\ud83d\udd34 SHORT",
    "last_alert_epoch": 1769563226.7658672,
    "last_seen_epoch": 1772008898.8752134,
    "score": 0.0,
    "weight": 1.0
  },
  "ETH/USDT|5m": {
    "bias": "\ud83d\udd34 SHORT",
    "last_alert_epoch": 1771998167.391801,
    "last_seen_epoch": 1772008898.8752134,
    "score": 30.0,
    "weight": 0.25
  },
  "SOL/USDT|1h": {
    "bias": "\ud83d\udd34 SHORT",
    "last_alert_epoch": 1771992978.8135293,
    "last_seen_epoch": 1772008898.8752134,
    "score": 20.0,
    "weight": 0.5
  },
  "SOL/USDT|4h": {
    "bias": "\ud83d\udd34 SHORT",
    "last_alert_epoch": 1768492459.0160048,
    "last_seen_epoch": 1772008898.8752134,
    "score": 0.0,
    "weight": 1.0
  },
  "SOL/USDT|5m": {
    "bias": "\ud83d\udd34 SHORT",
    "last_alert_epoch": 1771998167.391801,
    "last_seen_epoch": 1772008898.8752134,
    "score": 30.0,
    "weight": 0.25
  },
  "XRP/USDT|1h": {
    "bias": "\ud83d\udd34 SHORT",
    "last_alert_epoch": 1771992978.8135293,
    "last_seen_epoch": 1772008898.8752134,
    "score": 20.0,
    "weight": 0.5
  },
  "XRP/USDT|4h": {
    "bias": "\ud83d\udd34 SHORT",
    "last_alert_epoch": 1768488559.012632,
    "last_seen_epoch": 1772008898.8752134,
    "score": 0.0,
    "weight": 1.0
  },
  "XRP/USDT|5m": {
    "bias": "\ud83d\udd34 SHORT",
    "last_alert_epoch": 1771992978.8135293,
    "last_seen_epoch": 1772008898.8752134,
    "score": 30.0,
    "weight": 0.25
  },
  "last_alert_ts": {
    "BNB/USDT|4h": 1760463427.7212505
  },
  "prev_bias": {
    "BNB/USDT|1h": "\ud83d\udd34 SHORT",
    "BNB/USDT|4h": "\u26aa NEUTRAL",
    "BNB/USDT|5m": "\ud83d\udd34 SHORT",
    "BTC/USDT|1h": "\ud83d\udd34 SHORT",
    "BTC/USDT|4h": "\ud83d\udd34 SHORT",
    "BTC/USDT|5m": "\ud83d\udd34 SHORT",
    "ETH/USDT|1h": "\ud83d\udd34 SHORT",
    "ETH/USDT|4h": "\ud83d\udd34 SHORT",
    "ETH/USDT|5m": "\ud83d\udd34 SHORT",
    "SOL/USDT|1h": "\ud83d\udd34 SHORT",
    "SOL/USDT|4h": "\ud83d\udd34 SHORT",
    "SOL/USDT|5m": "\u26aa NEUTRAL",
    "XRP/USDT|1h": "\ud83d\udd34 SHORT",
    "XRP/USDT|4h": "\ud83d\udd34 SHORT",
    "XRP/USDT|5m": "\ud83d\udd34 SHORT"
  }
}