{
  "BNB/USDT|1h": {
    "bias": "\u26aa NEUTRAL",
    "last_alert_epoch": 1768289196.9231615,
    "last_seen_epoch": 1768290281.4900355,
    "score": 50.0,
    "weight": 0.0
  },
  "BNB/USDT|4h": {
    "bias": "\ud83d\udfe2 LONG",
    "last_alert_epoch": 1768289196.9231615,
    "last_seen_epoch": 1768290281.4900355,
    "score": 70.0,
    "weight": 0.33
  },
  "BNB/USDT|5m": {
    "bias": "\u26aa NEUTRAL",
    "last_alert_epoch": 1768287478.8069055,
    "last_seen_epoch": 1768290281.4900355,
    "score": 50.0,
    "weight": 0.0
  },
  "BTC/USDT|1h": {
    "bias": "\u26aa NEUTRAL",
    "last_alert_epoch": 1768283258.5791478,
    "last_seen_epoch": 1768290281.4900355,
    "score": 50.0,
    "weight": 0.0
  },
  "BTC/USDT|4h": {
    "bias": "\ud83d\udd34 SHORT",
    "last_alert_epoch": 1768188092.8888566,
    "last_seen_epoch": 1768290281.4900355,
    "score": 30.0,
    "weight": 0.25
  },
  "BTC/USDT|5m": {
    "bias": "\u26aa NEUTRAL",
    "last_alert_epoch": 1768287478.8069055,
    "last_seen_epoch": 1768290281.4900355,
    "score": 50.0,
    "weight": 0.0
  },
  "ETH/USDT|1h": {
    "bias": "\ud83d\udd34 SHORT",
    "last_alert_epoch": 1768236767.6615808,
    "last_seen_epoch": 1768290281.4900355,
    "score": 20.0,
    "weight": 0.5
  },
  "ETH/USDT|4h": {
    "bias": "\ud83d\udd34 SHORT",
    "last_alert_epoch": 1768188092.8888566,
    "last_seen_epoch": 1768290281.4900355,
    "score": 30.0,
    "weight": 0.25
  },
  "ETH/USDT|5m": {
    "bias": "\ud83d\udd34 SHORT",
    "last_alert_epoch": 1768285638.413525,
    "last_seen_epoch": 1768290281.4900355,
    "score": 0.0,
    "weight": 1.0
  },
  "SOL/USDT|1h": {
    "bias": "\u26aa NEUTRAL",
    "last_alert_epoch": 1768259643.8789806,
    "last_seen_epoch": 1768290281.4900355,
    "score": 50.0,
    "weight": 0.0
  },
  "SOL/USDT|4h": {
    "bias": "\ud83d\udd34 SHORT",
    "last_alert_epoch": 1768246803.0664988,
    "last_seen_epoch": 1768290281.4900355,
    "score": 30.0,
    "weight": 0.25
  },
  "SOL/USDT|5m": {
    "bias": "\ud83d\udd34 SHORT",
    "last_alert_epoch": 1768244148.4269872,
    "last_seen_epoch": 1768290281.4900355,
    "score": 30.0,
    "weight": 0.25
  },
  "XRP/USDT|1h": {
    "bias": "\ud83d\udd34 SHORT",
    "last_alert_epoch": 1767779339.7906837,
    "last_seen_epoch": 1768290281.4900355,
    "score": 0.0,
    "weight": 1.0
  },
  "XRP/USDT|4h": {
    "bias": "\ud83d\udd34 SHORT",
    "last_alert_epoch": 1768192458.907622,
    "last_seen_epoch": 1768290281.4900355,
    "score": 0.0,
    "weight": 1.0
  },
  "XRP/USDT|5m": {
    "bias": "\ud83d\udd34 SHORT",
    "last_alert_epoch": 1768239836.7159297,
    "last_seen_epoch": 1768290281.4900355,
    "score": 0.0,
    "weight": 1.0
  },
  "last_alert_ts": {
    "BNB/USDT|4h": 1760463427.7212505
  },
  "prev_bias": {
    "BNB/USDT|1h": "\ud83d\udd34 SHORT",
    "BNB/USDT|4h": "\u26aa NEUTRAL",
    "BNB/USDT|5m": "\ud83d\udd34 SHORT",
    "BTC/USDT|1h": "\ud83d\udd34 SHORT",
    "BTC/USDT|4h": "\ud83d\udd34 SHORT",
    "BTC/USDT|5m": "\ud83d\udd34 SHORT",
    "ETH/USDT|1h": "\ud83d\udd34 SHORT",
    "ETH/USDT|4h": "\ud83d\udd34 SHORT",
    "ETH/USDT|5m": "\ud83d\udd34 SHORT",
    "SOL/USDT|1h": "\ud83d\udd34 SHORT",
    "SOL/USDT|4h": "\ud83d\udd34 SHORT",
    "SOL/USDT|5m": "\u26aa NEUTRAL",
    "XRP/USDT|1h": "\ud83d\udd34 SHORT",
    "XRP/USDT|4h": "\ud83d\udd34 SHORT",
    "XRP/USDT|5m": "\ud83d\udd34 SHORT"
  }
}