{
  "BNB/USDT|1h": {
    "bias": "\u26aa NEUTRAL",
    "last_alert_epoch": 1769673516.9287264,
    "last_seen_epoch": 1770046442.7575312,
    "score": 50.0,
    "weight": 0.0
  },
  "BNB/USDT|4h": {
    "bias": "\ud83d\udd34 SHORT",
    "last_alert_epoch": 1768405499.0056589,
    "last_seen_epoch": 1770046442.7575312,
    "score": 20.0,
    "weight": 0.5
  },
  "BNB/USDT|5m": {
    "bias": "\u26aa NEUTRAL",
    "last_alert_epoch": 1769682711.5647004,
    "last_seen_epoch": 1770046442.7575312,
    "score": 50.0,
    "weight": 0.0
  },
  "BTC/USDT|1h": {
    "bias": "\ud83d\udd34 SHORT",
    "last_alert_epoch": 1770046442.7575312,
    "last_seen_epoch": 1770046442.7575312,
    "score": 20.0,
    "weight": 0.5
  },
  "BTC/USDT|4h": {
    "bias": "\ud83d\udd34 SHORT",
    "last_alert_epoch": 1769610327.0135648,
    "last_seen_epoch": 1770046442.7575312,
    "score": 40.0,
    "weight": 0.0
  },
  "BTC/USDT|5m": {
    "bias": "\ud83d\udfe2 LONG",
    "last_alert_epoch": 1770046442.7575312,
    "last_seen_epoch": 1770046442.7575312,
    "score": 70.0,
    "weight": 0.33
  },
  "ETH/USDT|1h": {
    "bias": "\u26aa NEUTRAL",
    "last_alert_epoch": 1769563226.7658672,
    "last_seen_epoch": 1770046442.7575312,
    "score": 50.0,
    "weight": 0.0
  },
  "ETH/USDT|4h": {
    "bias": "\ud83d\udd34 SHORT",
    "last_alert_epoch": 1769563226.7658672,
    "last_seen_epoch": 1770046442.7575312,
    "score": 40.0,
    "weight": 0.0
  },
  "ETH/USDT|5m": {
    "bias": "\u26aa NEUTRAL",
    "last_alert_epoch": 1770040754.3700373,
    "last_seen_epoch": 1770046442.7575312,
    "score": 50.0,
    "weight": 0.0
  },
  "SOL/USDT|1h": {
    "bias": "\u26aa NEUTRAL",
    "last_alert_epoch": 1769804607.5226662,
    "last_seen_epoch": 1770046442.7575312,
    "score": 50.0,
    "weight": 0.0
  },
  "SOL/USDT|4h": {
    "bias": "\ud83d\udd34 SHORT",
    "last_alert_epoch": 1768492459.0160048,
    "last_seen_epoch": 1770046442.7575312,
    "score": 20.0,
    "weight": 0.5
  },
  "SOL/USDT|5m": {
    "bias": "\ud83d\udfe2 LONG",
    "last_alert_epoch": 1770046442.7575312,
    "last_seen_epoch": 1770046442.7575312,
    "score": 70.0,
    "weight": 0.33
  },
  "XRP/USDT|1h": {
    "bias": "\ud83d\udd34 SHORT",
    "last_alert_epoch": 1770040754.3700373,
    "last_seen_epoch": 1770046442.7575312,
    "score": 20.0,
    "weight": 0.5
  },
  "XRP/USDT|4h": {
    "bias": "\ud83d\udd34 SHORT",
    "last_alert_epoch": 1768488559.012632,
    "last_seen_epoch": 1770046442.7575312,
    "score": 40.0,
    "weight": 0.0
  },
  "XRP/USDT|5m": {
    "bias": "\ud83d\udfe2 LONG",
    "last_alert_epoch": 1770046442.7575312,
    "last_seen_epoch": 1770046442.7575312,
    "score": 70.0,
    "weight": 0.33
  },
  "last_alert_ts": {
    "BNB/USDT|4h": 1760463427.7212505
  },
  "prev_bias": {
    "BNB/USDT|1h": "\ud83d\udd34 SHORT",
    "BNB/USDT|4h": "\u26aa NEUTRAL",
    "BNB/USDT|5m": "\ud83d\udd34 SHORT",
    "BTC/USDT|1h": "\ud83d\udd34 SHORT",
    "BTC/USDT|4h": "\ud83d\udd34 SHORT",
    "BTC/USDT|5m": "\ud83d\udd34 SHORT",
    "ETH/USDT|1h": "\ud83d\udd34 SHORT",
    "ETH/USDT|4h": "\ud83d\udd34 SHORT",
    "ETH/USDT|5m": "\ud83d\udd34 SHORT",
    "SOL/USDT|1h": "\ud83d\udd34 SHORT",
    "SOL/USDT|4h": "\ud83d\udd34 SHORT",
    "SOL/USDT|5m": "\u26aa NEUTRAL",
    "XRP/USDT|1h": "\ud83d\udd34 SHORT",
    "XRP/USDT|4h": "\ud83d\udd34 SHORT",
    "XRP/USDT|5m": "\ud83d\udd34 SHORT"
  }
}