{
  "BNB/USDT|1h": {
    "bias": "\ud83d\udd34 SHORT",
    "last_alert_epoch": 1767936526.2654097,
    "last_seen_epoch": 1767986228.920505,
    "score": 0.0,
    "weight": 1.0
  },
  "BNB/USDT|4h": {
    "bias": "\u26aa NEUTRAL",
    "last_alert_epoch": 1767968401.3706226,
    "last_seen_epoch": 1767986228.920505,
    "score": 50.0,
    "weight": 0.0
  },
  "BNB/USDT|5m": {
    "bias": "\ud83d\udd34 SHORT",
    "last_alert_epoch": 1767986228.920505,
    "last_seen_epoch": 1767986228.920505,
    "score": 0.0,
    "weight": 1.0
  },
  "BTC/USDT|1h": {
    "bias": "\ud83d\udd34 SHORT",
    "last_alert_epoch": 1767979189.2959352,
    "last_seen_epoch": 1767986228.920505,
    "score": 20.0,
    "weight": 0.5
  },
  "BTC/USDT|4h": {
    "bias": "\ud83d\udd34 SHORT",
    "last_alert_epoch": 1767983156.1362145,
    "last_seen_epoch": 1767986228.920505,
    "score": 20.0,
    "weight": 0.5
  },
  "BTC/USDT|5m": {
    "bias": "\ud83d\udd34 SHORT",
    "last_alert_epoch": 1767983156.1362145,
    "last_seen_epoch": 1767986228.920505,
    "score": 0.0,
    "weight": 1.0
  },
  "ETH/USDT|1h": {
    "bias": "\ud83d\udd34 SHORT",
    "last_alert_epoch": 1767789387.1373973,
    "last_seen_epoch": 1767986228.920505,
    "score": 20.0,
    "weight": 0.5
  },
  "ETH/USDT|4h": {
    "bias": "\ud83d\udd34 SHORT",
    "last_alert_epoch": 1767979189.2959352,
    "last_seen_epoch": 1767986228.920505,
    "score": 20.0,
    "weight": 0.5
  },
  "ETH/USDT|5m": {
    "bias": "\ud83d\udd34 SHORT",
    "last_alert_epoch": 1767979189.2959352,
    "last_seen_epoch": 1767986228.920505,
    "score": 0.0,
    "weight": 1.0
  },
  "SOL/USDT|1h": {
    "bias": "\ud83d\udd34 SHORT",
    "last_alert_epoch": 1767980743.3919997,
    "last_seen_epoch": 1767986228.920505,
    "score": 20.0,
    "weight": 0.5
  },
  "SOL/USDT|4h": {
    "bias": "\ud83d\udfe2 LONG",
    "last_alert_epoch": 1767984868.3625526,
    "last_seen_epoch": 1767986228.920505,
    "score": 70.0,
    "weight": 0.33
  },
  "SOL/USDT|5m": {
    "bias": "\ud83d\udd34 SHORT",
    "last_alert_epoch": 1767979189.2959352,
    "last_seen_epoch": 1767986228.920505,
    "score": 0.0,
    "weight": 1.0
  },
  "XRP/USDT|1h": {
    "bias": "\ud83d\udd34 SHORT",
    "last_alert_epoch": 1767779339.7906837,
    "last_seen_epoch": 1767986228.920505,
    "score": 0.0,
    "weight": 1.0
  },
  "XRP/USDT|4h": {
    "bias": "\ud83d\udd34 SHORT",
    "last_alert_epoch": 1767979189.2959352,
    "last_seen_epoch": 1767986228.920505,
    "score": 20.0,
    "weight": 0.5
  },
  "XRP/USDT|5m": {
    "bias": "\ud83d\udd34 SHORT",
    "last_alert_epoch": 1767887319.6786468,
    "last_seen_epoch": 1767986228.920505,
    "score": 0.0,
    "weight": 1.0
  },
  "last_alert_ts": {
    "BNB/USDT|4h": 1760463427.7212505
  },
  "prev_bias": {
    "BNB/USDT|1h": "\ud83d\udd34 SHORT",
    "BNB/USDT|4h": "\u26aa NEUTRAL",
    "BNB/USDT|5m": "\ud83d\udd34 SHORT",
    "BTC/USDT|1h": "\ud83d\udd34 SHORT",
    "BTC/USDT|4h": "\ud83d\udd34 SHORT",
    "BTC/USDT|5m": "\ud83d\udd34 SHORT",
    "ETH/USDT|1h": "\ud83d\udd34 SHORT",
    "ETH/USDT|4h": "\ud83d\udd34 SHORT",
    "ETH/USDT|5m": "\ud83d\udd34 SHORT",
    "SOL/USDT|1h": "\ud83d\udd34 SHORT",
    "SOL/USDT|4h": "\ud83d\udd34 SHORT",
    "SOL/USDT|5m": "\u26aa NEUTRAL",
    "XRP/USDT|1h": "\ud83d\udd34 SHORT",
    "XRP/USDT|4h": "\ud83d\udd34 SHORT",
    "XRP/USDT|5m": "\ud83d\udd34 SHORT"
  }
}