{
  "BNB/USDT|1h": {
    "bias": "\u26aa NEUTRAL",
    "last_alert_epoch": 1761822807.9466913,
    "last_seen_epoch": 1762357236.7315667,
    "score": 50.0,
    "weight": 0.0
  },
  "BNB/USDT|4h": {
    "bias": "\ud83d\udd34 SHORT",
    "last_alert_epoch": 1761534141.6368032,
    "last_seen_epoch": 1762357236.7315667,
    "score": 20.0,
    "weight": 0.5
  },
  "BNB/USDT|5m": {
    "bias": "\ud83d\udfe2 LONG",
    "last_alert_epoch": 1762357236.7315667,
    "last_seen_epoch": 1762357236.7315667,
    "score": 100.0,
    "weight": 1.0
  },
  "BTC/USDT|1h": {
    "bias": "\u26aa NEUTRAL",
    "last_alert_epoch": 1762352163.626237,
    "last_seen_epoch": 1762357236.7315667,
    "score": 50.0,
    "weight": 0.0
  },
  "BTC/USDT|4h": {
    "bias": "\ud83d\udd34 SHORT",
    "last_alert_epoch": 0.0,
    "last_seen_epoch": 1762357236.7315667,
    "score": 40.0,
    "weight": 0.0
  },
  "BTC/USDT|5m": {
    "bias": "\ud83d\udfe2 LONG",
    "last_alert_epoch": 1762357236.7315667,
    "last_seen_epoch": 1762357236.7315667,
    "score": 80.0,
    "weight": 0.56
  },
  "ETH/USDT|1h": {
    "bias": "\u26aa NEUTRAL",
    "last_alert_epoch": 1761678756.9411428,
    "last_seen_epoch": 1762357236.7315667,
    "score": 50.0,
    "weight": 0.0
  },
  "ETH/USDT|4h": {
    "bias": "\ud83d\udd34 SHORT",
    "last_alert_epoch": 0.0,
    "last_seen_epoch": 1762357236.7315667,
    "score": 40.0,
    "weight": 0.0
  },
  "ETH/USDT|5m": {
    "bias": "\ud83d\udfe2 LONG",
    "last_alert_epoch": 1762357236.7315667,
    "last_seen_epoch": 1762357236.7315667,
    "score": 80.0,
    "weight": 0.56
  },
  "SOL/USDT|1h": {
    "bias": "\ud83d\udd34 SHORT",
    "last_alert_epoch": 1762352163.626237,
    "last_seen_epoch": 1762357236.7315667,
    "score": 20.0,
    "weight": 0.5
  },
  "SOL/USDT|4h": {
    "bias": "\ud83d\udd34 SHORT",
    "last_alert_epoch": 0.0,
    "last_seen_epoch": 1762357236.7315667,
    "score": 20.0,
    "weight": 0.5
  },
  "SOL/USDT|5m": {
    "bias": "\ud83d\udfe2 LONG",
    "last_alert_epoch": 1762357236.7315667,
    "last_seen_epoch": 1762357236.7315667,
    "score": 80.0,
    "weight": 0.56
  },
  "XRP/USDT|1h": {
    "bias": "\ud83d\udd34 SHORT",
    "last_alert_epoch": 1762352163.626237,
    "last_seen_epoch": 1762357236.7315667,
    "score": 20.0,
    "weight": 0.5
  },
  "XRP/USDT|4h": {
    "bias": "\ud83d\udd34 SHORT",
    "last_alert_epoch": 0.0,
    "last_seen_epoch": 1762357236.7315667,
    "score": 40.0,
    "weight": 0.0
  },
  "XRP/USDT|5m": {
    "bias": "\u26aa NEUTRAL",
    "last_alert_epoch": 1762353842.062233,
    "last_seen_epoch": 1762357236.7315667,
    "score": 50.0,
    "weight": 0.0
  },
  "last_alert_ts": {
    "BNB/USDT|4h": 1760463427.7212505
  },
  "prev_bias": {
    "BNB/USDT|1h": "\ud83d\udd34 SHORT",
    "BNB/USDT|4h": "\u26aa NEUTRAL",
    "BNB/USDT|5m": "\ud83d\udd34 SHORT",
    "BTC/USDT|1h": "\ud83d\udd34 SHORT",
    "BTC/USDT|4h": "\ud83d\udd34 SHORT",
    "BTC/USDT|5m": "\ud83d\udd34 SHORT",
    "ETH/USDT|1h": "\ud83d\udd34 SHORT",
    "ETH/USDT|4h": "\ud83d\udd34 SHORT",
    "ETH/USDT|5m": "\ud83d\udd34 SHORT",
    "SOL/USDT|1h": "\ud83d\udd34 SHORT",
    "SOL/USDT|4h": "\ud83d\udd34 SHORT",
    "SOL/USDT|5m": "\u26aa NEUTRAL",
    "XRP/USDT|1h": "\ud83d\udd34 SHORT",
    "XRP/USDT|4h": "\ud83d\udd34 SHORT",
    "XRP/USDT|5m": "\ud83d\udd34 SHORT"
  }
}