{
  "BNB/USDT|1h": {
    "bias": "\u26aa NEUTRAL",
    "last_alert_epoch": 1767723908.2147274,
    "last_seen_epoch": 1767734234.727106,
    "score": 50.0,
    "weight": 0.0
  },
  "BNB/USDT|4h": {
    "bias": "\u26aa NEUTRAL",
    "last_alert_epoch": 1767723908.2147274,
    "last_seen_epoch": 1767734234.727106,
    "score": 50.0,
    "weight": 0.0
  },
  "BNB/USDT|5m": {
    "bias": "\u26aa NEUTRAL",
    "last_alert_epoch": 1767716518.0007381,
    "last_seen_epoch": 1767734234.727106,
    "score": 50.0,
    "weight": 0.0
  },
  "BTC/USDT|1h": {
    "bias": "\u26aa NEUTRAL",
    "last_alert_epoch": 1767714270.437957,
    "last_seen_epoch": 1767734234.727106,
    "score": 50.0,
    "weight": 0.0
  },
  "BTC/USDT|4h": {
    "bias": "\u26aa NEUTRAL",
    "last_alert_epoch": 1767721551.1545384,
    "last_seen_epoch": 1767734234.727106,
    "score": 50.0,
    "weight": 0.0
  },
  "BTC/USDT|5m": {
    "bias": "\u26aa NEUTRAL",
    "last_alert_epoch": 1767712700.8241456,
    "last_seen_epoch": 1767734234.727106,
    "score": 50.0,
    "weight": 0.0
  },
  "ETH/USDT|1h": {
    "bias": "\u26aa NEUTRAL",
    "last_alert_epoch": 1767723908.2147274,
    "last_seen_epoch": 1767734234.727106,
    "score": 50.0,
    "weight": 0.0
  },
  "ETH/USDT|4h": {
    "bias": "\u26aa NEUTRAL",
    "last_alert_epoch": 1767721551.1545384,
    "last_seen_epoch": 1767734234.727106,
    "score": 50.0,
    "weight": 0.0
  },
  "ETH/USDT|5m": {
    "bias": "\ud83d\udfe2 LONG",
    "last_alert_epoch": 1767734234.727106,
    "last_seen_epoch": 1767734234.727106,
    "score": 60.0,
    "weight": 0.11
  },
  "SOL/USDT|1h": {
    "bias": "\u26aa NEUTRAL",
    "last_alert_epoch": 1767718441.9322152,
    "last_seen_epoch": 1767734234.727106,
    "score": 50.0,
    "weight": 0.0
  },
  "SOL/USDT|4h": {
    "bias": "\u26aa NEUTRAL",
    "last_alert_epoch": 1767723908.2147274,
    "last_seen_epoch": 1767734234.727106,
    "score": 50.0,
    "weight": 0.0
  },
  "SOL/USDT|5m": {
    "bias": "\u26aa NEUTRAL",
    "last_alert_epoch": 1767716518.0007381,
    "last_seen_epoch": 1767734234.727106,
    "score": 50.0,
    "weight": 0.0
  },
  "XRP/USDT|1h": {
    "bias": "\u26aa NEUTRAL",
    "last_alert_epoch": 1767728303.462388,
    "last_seen_epoch": 1767734234.727106,
    "score": 50.0,
    "weight": 0.0
  },
  "XRP/USDT|4h": {
    "bias": "\u26aa NEUTRAL",
    "last_alert_epoch": 1767718441.9322152,
    "last_seen_epoch": 1767734234.727106,
    "score": 50.0,
    "weight": 0.0
  },
  "XRP/USDT|5m": {
    "bias": "\ud83d\udd34 SHORT",
    "last_alert_epoch": 1767714270.437957,
    "last_seen_epoch": 1767734234.727106,
    "score": 30.0,
    "weight": 0.25
  },
  "last_alert_ts": {
    "BNB/USDT|4h": 1760463427.7212505
  },
  "prev_bias": {
    "BNB/USDT|1h": "\ud83d\udd34 SHORT",
    "BNB/USDT|4h": "\u26aa NEUTRAL",
    "BNB/USDT|5m": "\ud83d\udd34 SHORT",
    "BTC/USDT|1h": "\ud83d\udd34 SHORT",
    "BTC/USDT|4h": "\ud83d\udd34 SHORT",
    "BTC/USDT|5m": "\ud83d\udd34 SHORT",
    "ETH/USDT|1h": "\ud83d\udd34 SHORT",
    "ETH/USDT|4h": "\ud83d\udd34 SHORT",
    "ETH/USDT|5m": "\ud83d\udd34 SHORT",
    "SOL/USDT|1h": "\ud83d\udd34 SHORT",
    "SOL/USDT|4h": "\ud83d\udd34 SHORT",
    "SOL/USDT|5m": "\u26aa NEUTRAL",
    "XRP/USDT|1h": "\ud83d\udd34 SHORT",
    "XRP/USDT|4h": "\ud83d\udd34 SHORT",
    "XRP/USDT|5m": "\ud83d\udd34 SHORT"
  }
}