{
  "BNB/USDT|1h": {
    "bias": "\u26aa NEUTRAL",
    "last_alert_epoch": 1768073771.6928465,
    "last_seen_epoch": 1768188092.8888566,
    "score": 50.0,
    "weight": 0.0
  },
  "BNB/USDT|4h": {
    "bias": "\ud83d\udfe2 LONG",
    "last_alert_epoch": 1768188092.8888566,
    "last_seen_epoch": 1768188092.8888566,
    "score": 70.0,
    "weight": 0.33
  },
  "BNB/USDT|5m": {
    "bias": "\ud83d\udd34 SHORT",
    "last_alert_epoch": 1768079651.427577,
    "last_seen_epoch": 1768188092.8888566,
    "score": 20.0,
    "weight": 0.5
  },
  "BTC/USDT|1h": {
    "bias": "\ud83d\udfe2 LONG",
    "last_alert_epoch": 1768188092.8888566,
    "last_seen_epoch": 1768188092.8888566,
    "score": 60.0,
    "weight": 0.11
  },
  "BTC/USDT|4h": {
    "bias": "\ud83d\udfe2 LONG",
    "last_alert_epoch": 1768188092.8888566,
    "last_seen_epoch": 1768188092.8888566,
    "score": 80.0,
    "weight": 0.56
  },
  "BTC/USDT|5m": {
    "bias": "\u26aa NEUTRAL",
    "last_alert_epoch": 1768153219.7152996,
    "last_seen_epoch": 1768188092.8888566,
    "score": 50.0,
    "weight": 0.0
  },
  "ETH/USDT|1h": {
    "bias": "\ud83d\udd34 SHORT",
    "last_alert_epoch": 1768151613.2100763,
    "last_seen_epoch": 1768188092.8888566,
    "score": 0.0,
    "weight": 1.0
  },
  "ETH/USDT|4h": {
    "bias": "\ud83d\udfe2 LONG",
    "last_alert_epoch": 1768188092.8888566,
    "last_seen_epoch": 1768188092.8888566,
    "score": 80.0,
    "weight": 0.56
  },
  "ETH/USDT|5m": {
    "bias": "\u26aa NEUTRAL",
    "last_alert_epoch": 1768139215.9625676,
    "last_seen_epoch": 1768188092.8888566,
    "score": 50.0,
    "weight": 0.0
  },
  "SOL/USDT|1h": {
    "bias": "\ud83d\udfe2 LONG",
    "last_alert_epoch": 1768180951.4610205,
    "last_seen_epoch": 1768188092.8888566,
    "score": 80.0,
    "weight": 0.56
  },
  "SOL/USDT|4h": {
    "bias": "\ud83d\udfe2 LONG",
    "last_alert_epoch": 1768180951.4610205,
    "last_seen_epoch": 1768188092.8888566,
    "score": 80.0,
    "weight": 0.56
  },
  "SOL/USDT|5m": {
    "bias": "\u26aa NEUTRAL",
    "last_alert_epoch": 1768173322.2351644,
    "last_seen_epoch": 1768188092.8888566,
    "score": 50.0,
    "weight": 0.0
  },
  "XRP/USDT|1h": {
    "bias": "\ud83d\udd34 SHORT",
    "last_alert_epoch": 1767779339.7906837,
    "last_seen_epoch": 1768188092.8888566,
    "score": 0.0,
    "weight": 1.0
  },
  "XRP/USDT|4h": {
    "bias": "\u26aa NEUTRAL",
    "last_alert_epoch": 1767979189.2959352,
    "last_seen_epoch": 1768188092.8888566,
    "score": 50.0,
    "weight": 0.0
  },
  "XRP/USDT|5m": {
    "bias": "\ud83d\udd34 SHORT",
    "last_alert_epoch": 1768151613.2100763,
    "last_seen_epoch": 1768188092.8888566,
    "score": 20.0,
    "weight": 0.5
  },
  "last_alert_ts": {
    "BNB/USDT|4h": 1760463427.7212505
  },
  "prev_bias": {
    "BNB/USDT|1h": "\ud83d\udd34 SHORT",
    "BNB/USDT|4h": "\u26aa NEUTRAL",
    "BNB/USDT|5m": "\ud83d\udd34 SHORT",
    "BTC/USDT|1h": "\ud83d\udd34 SHORT",
    "BTC/USDT|4h": "\ud83d\udd34 SHORT",
    "BTC/USDT|5m": "\ud83d\udd34 SHORT",
    "ETH/USDT|1h": "\ud83d\udd34 SHORT",
    "ETH/USDT|4h": "\ud83d\udd34 SHORT",
    "ETH/USDT|5m": "\ud83d\udd34 SHORT",
    "SOL/USDT|1h": "\ud83d\udd34 SHORT",
    "SOL/USDT|4h": "\ud83d\udd34 SHORT",
    "SOL/USDT|5m": "\u26aa NEUTRAL",
    "XRP/USDT|1h": "\ud83d\udd34 SHORT",
    "XRP/USDT|4h": "\ud83d\udd34 SHORT",
    "XRP/USDT|5m": "\ud83d\udd34 SHORT"
  }
}