{
  "BNB/USDT|1h": {
    "bias": "\u26aa NEUTRAL",
    "last_alert_epoch": 1768342664.0245814,
    "last_seen_epoch": 1768353702.1101675,
    "score": 50.0,
    "weight": 0.0
  },
  "BNB/USDT|4h": {
    "bias": "\u26aa NEUTRAL",
    "last_alert_epoch": 1768342664.0245814,
    "last_seen_epoch": 1768353702.1101675,
    "score": 50.0,
    "weight": 0.0
  },
  "BNB/USDT|5m": {
    "bias": "\ud83d\udfe2 LONG",
    "last_alert_epoch": 1768294462.046758,
    "last_seen_epoch": 1768353702.1101675,
    "score": 60.0,
    "weight": 0.11
  },
  "BTC/USDT|1h": {
    "bias": "\u26aa NEUTRAL",
    "last_alert_epoch": 1768347525.4733841,
    "last_seen_epoch": 1768353702.1101675,
    "score": 50.0,
    "weight": 0.0
  },
  "BTC/USDT|4h": {
    "bias": "\u26aa NEUTRAL",
    "last_alert_epoch": 1768342664.0245814,
    "last_seen_epoch": 1768353702.1101675,
    "score": 50.0,
    "weight": 0.0
  },
  "BTC/USDT|5m": {
    "bias": "\ud83d\udd34 SHORT",
    "last_alert_epoch": 1768342664.0245814,
    "last_seen_epoch": 1768353702.1101675,
    "score": 30.0,
    "weight": 0.25
  },
  "ETH/USDT|1h": {
    "bias": "\u26aa NEUTRAL",
    "last_alert_epoch": 1768347525.4733841,
    "last_seen_epoch": 1768353702.1101675,
    "score": 50.0,
    "weight": 0.0
  },
  "ETH/USDT|4h": {
    "bias": "\u26aa NEUTRAL",
    "last_alert_epoch": 1768342664.0245814,
    "last_seen_epoch": 1768353702.1101675,
    "score": 50.0,
    "weight": 0.0
  },
  "ETH/USDT|5m": {
    "bias": "\ud83d\udd34 SHORT",
    "last_alert_epoch": 1768342664.0245814,
    "last_seen_epoch": 1768353702.1101675,
    "score": 30.0,
    "weight": 0.25
  },
  "SOL/USDT|1h": {
    "bias": "\u26aa NEUTRAL",
    "last_alert_epoch": 1768347525.4733841,
    "last_seen_epoch": 1768353702.1101675,
    "score": 50.0,
    "weight": 0.0
  },
  "SOL/USDT|4h": {
    "bias": "\u26aa NEUTRAL",
    "last_alert_epoch": 1768342664.0245814,
    "last_seen_epoch": 1768353702.1101675,
    "score": 50.0,
    "weight": 0.0
  },
  "SOL/USDT|5m": {
    "bias": "\u26aa NEUTRAL",
    "last_alert_epoch": 1768347525.4733841,
    "last_seen_epoch": 1768353702.1101675,
    "score": 50.0,
    "weight": 0.0
  },
  "XRP/USDT|1h": {
    "bias": "\ud83d\udd34 SHORT",
    "last_alert_epoch": 1768346173.7633426,
    "last_seen_epoch": 1768353702.1101675,
    "score": 20.0,
    "weight": 0.5
  },
  "XRP/USDT|4h": {
    "bias": "\ud83d\udd34 SHORT",
    "last_alert_epoch": 1768342664.0245814,
    "last_seen_epoch": 1768353702.1101675,
    "score": 30.0,
    "weight": 0.25
  },
  "XRP/USDT|5m": {
    "bias": "\ud83d\udd34 SHORT",
    "last_alert_epoch": 1768342664.0245814,
    "last_seen_epoch": 1768353702.1101675,
    "score": 30.0,
    "weight": 0.25
  },
  "last_alert_ts": {
    "BNB/USDT|4h": 1760463427.7212505
  },
  "prev_bias": {
    "BNB/USDT|1h": "\ud83d\udd34 SHORT",
    "BNB/USDT|4h": "\u26aa NEUTRAL",
    "BNB/USDT|5m": "\ud83d\udd34 SHORT",
    "BTC/USDT|1h": "\ud83d\udd34 SHORT",
    "BTC/USDT|4h": "\ud83d\udd34 SHORT",
    "BTC/USDT|5m": "\ud83d\udd34 SHORT",
    "ETH/USDT|1h": "\ud83d\udd34 SHORT",
    "ETH/USDT|4h": "\ud83d\udd34 SHORT",
    "ETH/USDT|5m": "\ud83d\udd34 SHORT",
    "SOL/USDT|1h": "\ud83d\udd34 SHORT",
    "SOL/USDT|4h": "\ud83d\udd34 SHORT",
    "SOL/USDT|5m": "\u26aa NEUTRAL",
    "XRP/USDT|1h": "\ud83d\udd34 SHORT",
    "XRP/USDT|4h": "\ud83d\udd34 SHORT",
    "XRP/USDT|5m": "\ud83d\udd34 SHORT"
  }
}