{
  "BNB/USDT|1h": {
    "bias": "\ud83d\udd34 SHORT",
    "last_alert_epoch": 1765646039.3050714,
    "last_seen_epoch": 1765690919.281823,
    "score": 30.0,
    "weight": 0.25
  },
  "BNB/USDT|4h": {
    "bias": "\ud83d\udd34 SHORT",
    "last_alert_epoch": 1765311404.1720984,
    "last_seen_epoch": 1765690919.281823,
    "score": 0.0,
    "weight": 1.0
  },
  "BNB/USDT|5m": {
    "bias": "\ud83d\udd34 SHORT",
    "last_alert_epoch": 1765665603.6443763,
    "last_seen_epoch": 1765690919.281823,
    "score": 0.0,
    "weight": 1.0
  },
  "BTC/USDT|1h": {
    "bias": "\ud83d\udd34 SHORT",
    "last_alert_epoch": 1765487871.206396,
    "last_seen_epoch": 1765690919.281823,
    "score": 0.0,
    "weight": 1.0
  },
  "BTC/USDT|4h": {
    "bias": "\ud83d\udd34 SHORT",
    "last_alert_epoch": 1765311404.1720984,
    "last_seen_epoch": 1765690919.281823,
    "score": 0.0,
    "weight": 1.0
  },
  "BTC/USDT|5m": {
    "bias": "\ud83d\udd34 SHORT",
    "last_alert_epoch": 1765624363.8104453,
    "last_seen_epoch": 1765690919.281823,
    "score": 0.0,
    "weight": 1.0
  },
  "ETH/USDT|1h": {
    "bias": "\ud83d\udd34 SHORT",
    "last_alert_epoch": 1765415801.42891,
    "last_seen_epoch": 1765690919.281823,
    "score": 0.0,
    "weight": 1.0
  },
  "ETH/USDT|4h": {
    "bias": "\ud83d\udd34 SHORT",
    "last_alert_epoch": 1765397951.6038167,
    "last_seen_epoch": 1765690919.281823,
    "score": 0.0,
    "weight": 1.0
  },
  "ETH/USDT|5m": {
    "bias": "\ud83d\udd34 SHORT",
    "last_alert_epoch": 1765642719.639272,
    "last_seen_epoch": 1765690919.281823,
    "score": 0.0,
    "weight": 1.0
  },
  "SOL/USDT|1h": {
    "bias": "\ud83d\udd34 SHORT",
    "last_alert_epoch": 1765524002.5800796,
    "last_seen_epoch": 1765690919.281823,
    "score": 0.0,
    "weight": 1.0
  },
  "SOL/USDT|4h": {
    "bias": "\ud83d\udd34 SHORT",
    "last_alert_epoch": 1765311404.1720984,
    "last_seen_epoch": 1765690919.281823,
    "score": 0.0,
    "weight": 1.0
  },
  "SOL/USDT|5m": {
    "bias": "\ud83d\udd34 SHORT",
    "last_alert_epoch": 1765642719.639272,
    "last_seen_epoch": 1765690919.281823,
    "score": 0.0,
    "weight": 1.0
  },
  "XRP/USDT|1h": {
    "bias": "\ud83d\udd34 SHORT",
    "last_alert_epoch": 1765491362.4695911,
    "last_seen_epoch": 1765690919.281823,
    "score": 0.0,
    "weight": 1.0
  },
  "XRP/USDT|4h": {
    "bias": "\ud83d\udd34 SHORT",
    "last_alert_epoch": 1765311404.1720984,
    "last_seen_epoch": 1765690919.281823,
    "score": 0.0,
    "weight": 1.0
  },
  "XRP/USDT|5m": {
    "bias": "\ud83d\udd34 SHORT",
    "last_alert_epoch": 1765640277.0936632,
    "last_seen_epoch": 1765690919.281823,
    "score": 20.0,
    "weight": 0.5
  },
  "last_alert_ts": {
    "BNB/USDT|4h": 1760463427.7212505
  },
  "prev_bias": {
    "BNB/USDT|1h": "\ud83d\udd34 SHORT",
    "BNB/USDT|4h": "\u26aa NEUTRAL",
    "BNB/USDT|5m": "\ud83d\udd34 SHORT",
    "BTC/USDT|1h": "\ud83d\udd34 SHORT",
    "BTC/USDT|4h": "\ud83d\udd34 SHORT",
    "BTC/USDT|5m": "\ud83d\udd34 SHORT",
    "ETH/USDT|1h": "\ud83d\udd34 SHORT",
    "ETH/USDT|4h": "\ud83d\udd34 SHORT",
    "ETH/USDT|5m": "\ud83d\udd34 SHORT",
    "SOL/USDT|1h": "\ud83d\udd34 SHORT",
    "SOL/USDT|4h": "\ud83d\udd34 SHORT",
    "SOL/USDT|5m": "\u26aa NEUTRAL",
    "XRP/USDT|1h": "\ud83d\udd34 SHORT",
    "XRP/USDT|4h": "\ud83d\udd34 SHORT",
    "XRP/USDT|5m": "\ud83d\udd34 SHORT"
  }
}