{
  "BNB/USDT|1h": {
    "bias": "\ud83d\udfe2 LONG",
    "last_alert_epoch": 1768405499.0056589,
    "last_seen_epoch": 1768405499.0056589,
    "score": 70.0,
    "weight": 0.33
  },
  "BNB/USDT|4h": {
    "bias": "\ud83d\udfe2 LONG",
    "last_alert_epoch": 1768405499.0056589,
    "last_seen_epoch": 1768405499.0056589,
    "score": 70.0,
    "weight": 0.33
  },
  "BNB/USDT|5m": {
    "bias": "\u26aa NEUTRAL",
    "last_alert_epoch": 1768360803.4301908,
    "last_seen_epoch": 1768405499.0056589,
    "score": 50.0,
    "weight": 0.0
  },
  "BTC/USDT|1h": {
    "bias": "\ud83d\udfe2 LONG",
    "last_alert_epoch": 1768402265.29262,
    "last_seen_epoch": 1768405499.0056589,
    "score": 70.0,
    "weight": 0.33
  },
  "BTC/USDT|4h": {
    "bias": "\ud83d\udfe2 LONG",
    "last_alert_epoch": 1768402265.29262,
    "last_seen_epoch": 1768405499.0056589,
    "score": 70.0,
    "weight": 0.33
  },
  "BTC/USDT|5m": {
    "bias": "\u26aa NEUTRAL",
    "last_alert_epoch": 1768342664.0245814,
    "last_seen_epoch": 1768405499.0056589,
    "score": 50.0,
    "weight": 0.0
  },
  "ETH/USDT|1h": {
    "bias": "\ud83d\udfe2 LONG",
    "last_alert_epoch": 1768402265.29262,
    "last_seen_epoch": 1768405499.0056589,
    "score": 70.0,
    "weight": 0.33
  },
  "ETH/USDT|4h": {
    "bias": "\ud83d\udfe2 LONG",
    "last_alert_epoch": 1768404063.0827389,
    "last_seen_epoch": 1768405499.0056589,
    "score": 70.0,
    "weight": 0.33
  },
  "ETH/USDT|5m": {
    "bias": "\u26aa NEUTRAL",
    "last_alert_epoch": 1768342664.0245814,
    "last_seen_epoch": 1768405499.0056589,
    "score": 50.0,
    "weight": 0.0
  },
  "SOL/USDT|1h": {
    "bias": "\ud83d\udfe2 LONG",
    "last_alert_epoch": 1768405499.0056589,
    "last_seen_epoch": 1768405499.0056589,
    "score": 70.0,
    "weight": 0.33
  },
  "SOL/USDT|4h": {
    "bias": "\ud83d\udfe2 LONG",
    "last_alert_epoch": 1768404063.0827389,
    "last_seen_epoch": 1768405499.0056589,
    "score": 70.0,
    "weight": 0.33
  },
  "SOL/USDT|5m": {
    "bias": "\u26aa NEUTRAL",
    "last_alert_epoch": 1768387814.9673436,
    "last_seen_epoch": 1768405499.0056589,
    "score": 50.0,
    "weight": 0.0
  },
  "XRP/USDT|1h": {
    "bias": "\ud83d\udfe2 LONG",
    "last_alert_epoch": 1768402265.29262,
    "last_seen_epoch": 1768405499.0056589,
    "score": 70.0,
    "weight": 0.33
  },
  "XRP/USDT|4h": {
    "bias": "\ud83d\udfe2 LONG",
    "last_alert_epoch": 1768405499.0056589,
    "last_seen_epoch": 1768405499.0056589,
    "score": 70.0,
    "weight": 0.33
  },
  "XRP/USDT|5m": {
    "bias": "\u26aa NEUTRAL",
    "last_alert_epoch": 1768402265.29262,
    "last_seen_epoch": 1768405499.0056589,
    "score": 50.0,
    "weight": 0.0
  },
  "last_alert_ts": {
    "BNB/USDT|4h": 1760463427.7212505
  },
  "prev_bias": {
    "BNB/USDT|1h": "\ud83d\udd34 SHORT",
    "BNB/USDT|4h": "\u26aa NEUTRAL",
    "BNB/USDT|5m": "\ud83d\udd34 SHORT",
    "BTC/USDT|1h": "\ud83d\udd34 SHORT",
    "BTC/USDT|4h": "\ud83d\udd34 SHORT",
    "BTC/USDT|5m": "\ud83d\udd34 SHORT",
    "ETH/USDT|1h": "\ud83d\udd34 SHORT",
    "ETH/USDT|4h": "\ud83d\udd34 SHORT",
    "ETH/USDT|5m": "\ud83d\udd34 SHORT",
    "SOL/USDT|1h": "\ud83d\udd34 SHORT",
    "SOL/USDT|4h": "\ud83d\udd34 SHORT",
    "SOL/USDT|5m": "\u26aa NEUTRAL",
    "XRP/USDT|1h": "\ud83d\udd34 SHORT",
    "XRP/USDT|4h": "\ud83d\udd34 SHORT",
    "XRP/USDT|5m": "\ud83d\udd34 SHORT"
  }
}