{
  "BNB/USDT|1h": {
    "bias": "\ud83d\udd34 SHORT",
    "last_alert_epoch": 1764738959.3235724,
    "last_seen_epoch": 1764787987.5650206,
    "score": 30.0,
    "weight": 0.25
  },
  "BNB/USDT|4h": {
    "bias": "\ud83d\udd34 SHORT",
    "last_alert_epoch": 1764744806.0655541,
    "last_seen_epoch": 1764787987.5650206,
    "score": 20.0,
    "weight": 0.5
  },
  "BNB/USDT|5m": {
    "bias": "\ud83d\udd34 SHORT",
    "last_alert_epoch": 1764775134.6041393,
    "last_seen_epoch": 1764787987.5650206,
    "score": 30.0,
    "weight": 0.25
  },
  "BTC/USDT|1h": {
    "bias": "\u26aa NEUTRAL",
    "last_alert_epoch": 1764776682.2869377,
    "last_seen_epoch": 1764787987.5650206,
    "score": 50.0,
    "weight": 0.0
  },
  "BTC/USDT|4h": {
    "bias": "\ud83d\udd34 SHORT",
    "last_alert_epoch": 1764746300.8384697,
    "last_seen_epoch": 1764787987.5650206,
    "score": 20.0,
    "weight": 0.5
  },
  "BTC/USDT|5m": {
    "bias": "\ud83d\udd34 SHORT",
    "last_alert_epoch": 1764787987.5650206,
    "last_seen_epoch": 1764787987.5650206,
    "score": 0.0,
    "weight": 1.0
  },
  "ETH/USDT|1h": {
    "bias": "\ud83d\udd34 SHORT",
    "last_alert_epoch": 1764773177.7403302,
    "last_seen_epoch": 1764787987.5650206,
    "score": 30.0,
    "weight": 0.25
  },
  "ETH/USDT|4h": {
    "bias": "\ud83d\udd34 SHORT",
    "last_alert_epoch": 1764015496.061634,
    "last_seen_epoch": 1764787987.5650206,
    "score": 20.0,
    "weight": 0.5
  },
  "ETH/USDT|5m": {
    "bias": "\ud83d\udd34 SHORT",
    "last_alert_epoch": 1764783868.5491338,
    "last_seen_epoch": 1764787987.5650206,
    "score": 30.0,
    "weight": 0.25
  },
  "SOL/USDT|1h": {
    "bias": "\ud83d\udd34 SHORT",
    "last_alert_epoch": 1764744806.0655541,
    "last_seen_epoch": 1764787987.5650206,
    "score": 30.0,
    "weight": 0.25
  },
  "SOL/USDT|4h": {
    "bias": "\ud83d\udd34 SHORT",
    "last_alert_epoch": 1764706785.0698555,
    "last_seen_epoch": 1764787987.5650206,
    "score": 20.0,
    "weight": 0.5
  },
  "SOL/USDT|5m": {
    "bias": "\ud83d\udd34 SHORT",
    "last_alert_epoch": 1764775134.6041393,
    "last_seen_epoch": 1764787987.5650206,
    "score": 0.0,
    "weight": 1.0
  },
  "XRP/USDT|1h": {
    "bias": "\ud83d\udd34 SHORT",
    "last_alert_epoch": 1764743143.9237158,
    "last_seen_epoch": 1764787987.5650206,
    "score": 0.0,
    "weight": 1.0
  },
  "XRP/USDT|4h": {
    "bias": "\ud83d\udd34 SHORT",
    "last_alert_epoch": 1764008648.0627725,
    "last_seen_epoch": 1764787987.5650206,
    "score": 0.0,
    "weight": 1.0
  },
  "XRP/USDT|5m": {
    "bias": "\ud83d\udd34 SHORT",
    "last_alert_epoch": 1764782362.936786,
    "last_seen_epoch": 1764787987.5650206,
    "score": 0.0,
    "weight": 1.0
  },
  "last_alert_ts": {
    "BNB/USDT|4h": 1760463427.7212505
  },
  "prev_bias": {
    "BNB/USDT|1h": "\ud83d\udd34 SHORT",
    "BNB/USDT|4h": "\u26aa NEUTRAL",
    "BNB/USDT|5m": "\ud83d\udd34 SHORT",
    "BTC/USDT|1h": "\ud83d\udd34 SHORT",
    "BTC/USDT|4h": "\ud83d\udd34 SHORT",
    "BTC/USDT|5m": "\ud83d\udd34 SHORT",
    "ETH/USDT|1h": "\ud83d\udd34 SHORT",
    "ETH/USDT|4h": "\ud83d\udd34 SHORT",
    "ETH/USDT|5m": "\ud83d\udd34 SHORT",
    "SOL/USDT|1h": "\ud83d\udd34 SHORT",
    "SOL/USDT|4h": "\ud83d\udd34 SHORT",
    "SOL/USDT|5m": "\u26aa NEUTRAL",
    "XRP/USDT|1h": "\ud83d\udd34 SHORT",
    "XRP/USDT|4h": "\ud83d\udd34 SHORT",
    "XRP/USDT|5m": "\ud83d\udd34 SHORT"
  }
}