{
  "BNB/USDT|1h": {
    "bias": "\u26aa NEUTRAL",
    "last_alert_epoch": 1764703002.3558054,
    "last_seen_epoch": 1764730707.072062,
    "score": 50.0,
    "weight": 0.0
  },
  "BNB/USDT|4h": {
    "bias": "\ud83d\udd34 SHORT",
    "last_alert_epoch": 1762575447.200584,
    "last_seen_epoch": 1764730707.072062,
    "score": 20.0,
    "weight": 0.5
  },
  "BNB/USDT|5m": {
    "bias": "\u26aa NEUTRAL",
    "last_alert_epoch": 1764724457.3332481,
    "last_seen_epoch": 1764730707.072062,
    "score": 50.0,
    "weight": 0.0
  },
  "BTC/USDT|1h": {
    "bias": "\ud83d\udfe2 LONG",
    "last_alert_epoch": 1764730707.072062,
    "last_seen_epoch": 1764730707.072062,
    "score": 70.0,
    "weight": 0.33
  },
  "BTC/USDT|4h": {
    "bias": "\u26aa NEUTRAL",
    "last_alert_epoch": 1764188262.5542858,
    "last_seen_epoch": 1764730707.072062,
    "score": 50.0,
    "weight": 0.0
  },
  "BTC/USDT|5m": {
    "bias": "\u26aa NEUTRAL",
    "last_alert_epoch": 1764713661.7934897,
    "last_seen_epoch": 1764730707.072062,
    "score": 50.0,
    "weight": 0.0
  },
  "ETH/USDT|1h": {
    "bias": "\ud83d\udd34 SHORT",
    "last_alert_epoch": 1764692528.1768997,
    "last_seen_epoch": 1764730707.072062,
    "score": 20.0,
    "weight": 0.5
  },
  "ETH/USDT|4h": {
    "bias": "\ud83d\udd34 SHORT",
    "last_alert_epoch": 1764015496.061634,
    "last_seen_epoch": 1764730707.072062,
    "score": 0.0,
    "weight": 1.0
  },
  "ETH/USDT|5m": {
    "bias": "\u26aa NEUTRAL",
    "last_alert_epoch": 1764724457.3332481,
    "last_seen_epoch": 1764730707.072062,
    "score": 50.0,
    "weight": 0.0
  },
  "SOL/USDT|1h": {
    "bias": "\ud83d\udd34 SHORT",
    "last_alert_epoch": 1764692528.1768997,
    "last_seen_epoch": 1764730707.072062,
    "score": 20.0,
    "weight": 0.5
  },
  "SOL/USDT|4h": {
    "bias": "\ud83d\udd34 SHORT",
    "last_alert_epoch": 1764706785.0698555,
    "last_seen_epoch": 1764730707.072062,
    "score": 0.0,
    "weight": 1.0
  },
  "SOL/USDT|5m": {
    "bias": "\u26aa NEUTRAL",
    "last_alert_epoch": 1764685054.4341908,
    "last_seen_epoch": 1764730707.072062,
    "score": 50.0,
    "weight": 0.0
  },
  "XRP/USDT|1h": {
    "bias": "\ud83d\udd34 SHORT",
    "last_alert_epoch": 1764699935.4733813,
    "last_seen_epoch": 1764730707.072062,
    "score": 20.0,
    "weight": 0.5
  },
  "XRP/USDT|4h": {
    "bias": "\ud83d\udd34 SHORT",
    "last_alert_epoch": 1764008648.0627725,
    "last_seen_epoch": 1764730707.072062,
    "score": 0.0,
    "weight": 1.0
  },
  "XRP/USDT|5m": {
    "bias": "\u26aa NEUTRAL",
    "last_alert_epoch": 1764692528.1768997,
    "last_seen_epoch": 1764730707.072062,
    "score": 50.0,
    "weight": 0.0
  },
  "last_alert_ts": {
    "BNB/USDT|4h": 1760463427.7212505
  },
  "prev_bias": {
    "BNB/USDT|1h": "\ud83d\udd34 SHORT",
    "BNB/USDT|4h": "\u26aa NEUTRAL",
    "BNB/USDT|5m": "\ud83d\udd34 SHORT",
    "BTC/USDT|1h": "\ud83d\udd34 SHORT",
    "BTC/USDT|4h": "\ud83d\udd34 SHORT",
    "BTC/USDT|5m": "\ud83d\udd34 SHORT",
    "ETH/USDT|1h": "\ud83d\udd34 SHORT",
    "ETH/USDT|4h": "\ud83d\udd34 SHORT",
    "ETH/USDT|5m": "\ud83d\udd34 SHORT",
    "SOL/USDT|1h": "\ud83d\udd34 SHORT",
    "SOL/USDT|4h": "\ud83d\udd34 SHORT",
    "SOL/USDT|5m": "\u26aa NEUTRAL",
    "XRP/USDT|1h": "\ud83d\udd34 SHORT",
    "XRP/USDT|4h": "\ud83d\udd34 SHORT",
    "XRP/USDT|5m": "\ud83d\udd34 SHORT"
  }
}