{
  "BNB/USDT|1h": {
    "bias": "\ud83d\udd34 SHORT",
    "last_alert_epoch": 1764008648.0627725,
    "last_seen_epoch": 1764128827.69995,
    "score": 0.0,
    "weight": 1.0
  },
  "BNB/USDT|4h": {
    "bias": "\ud83d\udd34 SHORT",
    "last_alert_epoch": 1762575447.200584,
    "last_seen_epoch": 1764128827.69995,
    "score": 0.0,
    "weight": 1.0
  },
  "BNB/USDT|5m": {
    "bias": "\ud83d\udd34 SHORT",
    "last_alert_epoch": 1764089480.852885,
    "last_seen_epoch": 1764128827.69995,
    "score": 0.0,
    "weight": 1.0
  },
  "BTC/USDT|1h": {
    "bias": "\ud83d\udd34 SHORT",
    "last_alert_epoch": 1764018936.893824,
    "last_seen_epoch": 1764128827.69995,
    "score": 20.0,
    "weight": 0.5
  },
  "BTC/USDT|4h": {
    "bias": "\ud83d\udd34 SHORT",
    "last_alert_epoch": 1764015496.061634,
    "last_seen_epoch": 1764128827.69995,
    "score": 0.0,
    "weight": 1.0
  },
  "BTC/USDT|5m": {
    "bias": "\ud83d\udd34 SHORT",
    "last_alert_epoch": 1764113857.7409456,
    "last_seen_epoch": 1764128827.69995,
    "score": 0.0,
    "weight": 1.0
  },
  "ETH/USDT|1h": {
    "bias": "\ud83d\udd34 SHORT",
    "last_alert_epoch": 1764018936.893824,
    "last_seen_epoch": 1764128827.69995,
    "score": 20.0,
    "weight": 0.5
  },
  "ETH/USDT|4h": {
    "bias": "\ud83d\udd34 SHORT",
    "last_alert_epoch": 1764015496.061634,
    "last_seen_epoch": 1764128827.69995,
    "score": 0.0,
    "weight": 1.0
  },
  "ETH/USDT|5m": {
    "bias": "\ud83d\udd34 SHORT",
    "last_alert_epoch": 1764101876.0147035,
    "last_seen_epoch": 1764128827.69995,
    "score": 20.0,
    "weight": 0.5
  },
  "SOL/USDT|1h": {
    "bias": "\u26aa NEUTRAL",
    "last_alert_epoch": 1764113857.7409456,
    "last_seen_epoch": 1764128827.69995,
    "score": 50.0,
    "weight": 0.0
  },
  "SOL/USDT|4h": {
    "bias": "\ud83d\udd34 SHORT",
    "last_alert_epoch": 1763612311.7411096,
    "last_seen_epoch": 1764128827.69995,
    "score": 0.0,
    "weight": 1.0
  },
  "SOL/USDT|5m": {
    "bias": "\ud83d\udd34 SHORT",
    "last_alert_epoch": 1764089480.852885,
    "last_seen_epoch": 1764128827.69995,
    "score": 0.0,
    "weight": 1.0
  },
  "XRP/USDT|1h": {
    "bias": "\u26aa NEUTRAL",
    "last_alert_epoch": 1764060550.1522775,
    "last_seen_epoch": 1764128827.69995,
    "score": 50.0,
    "weight": 0.0
  },
  "XRP/USDT|4h": {
    "bias": "\ud83d\udd34 SHORT",
    "last_alert_epoch": 1764008648.0627725,
    "last_seen_epoch": 1764128827.69995,
    "score": 0.0,
    "weight": 1.0
  },
  "XRP/USDT|5m": {
    "bias": "\ud83d\udd34 SHORT",
    "last_alert_epoch": 1764080187.697702,
    "last_seen_epoch": 1764128827.69995,
    "score": 0.0,
    "weight": 1.0
  },
  "last_alert_ts": {
    "BNB/USDT|4h": 1760463427.7212505
  },
  "prev_bias": {
    "BNB/USDT|1h": "\ud83d\udd34 SHORT",
    "BNB/USDT|4h": "\u26aa NEUTRAL",
    "BNB/USDT|5m": "\ud83d\udd34 SHORT",
    "BTC/USDT|1h": "\ud83d\udd34 SHORT",
    "BTC/USDT|4h": "\ud83d\udd34 SHORT",
    "BTC/USDT|5m": "\ud83d\udd34 SHORT",
    "ETH/USDT|1h": "\ud83d\udd34 SHORT",
    "ETH/USDT|4h": "\ud83d\udd34 SHORT",
    "ETH/USDT|5m": "\ud83d\udd34 SHORT",
    "SOL/USDT|1h": "\ud83d\udd34 SHORT",
    "SOL/USDT|4h": "\ud83d\udd34 SHORT",
    "SOL/USDT|5m": "\u26aa NEUTRAL",
    "XRP/USDT|1h": "\ud83d\udd34 SHORT",
    "XRP/USDT|4h": "\ud83d\udd34 SHORT",
    "XRP/USDT|5m": "\ud83d\udd34 SHORT"
  }
}