{
  "BNB/USDT|1h": {
    "bias": "\ud83d\udd34 SHORT",
    "last_alert_epoch": 1768664386.2008016,
    "last_seen_epoch": 1768774555.6431332,
    "score": 30.0,
    "weight": 0.25
  },
  "BNB/USDT|4h": {
    "bias": "\ud83d\udd34 SHORT",
    "last_alert_epoch": 1768405499.0056589,
    "last_seen_epoch": 1768774555.6431332,
    "score": 30.0,
    "weight": 0.25
  },
  "BNB/USDT|5m": {
    "bias": "\ud83d\udd34 SHORT",
    "last_alert_epoch": 1768750767.4851367,
    "last_seen_epoch": 1768774555.6431332,
    "score": 30.0,
    "weight": 0.25
  },
  "BTC/USDT|1h": {
    "bias": "\ud83d\udd34 SHORT",
    "last_alert_epoch": 1768762111.8907547,
    "last_seen_epoch": 1768774555.6431332,
    "score": 30.0,
    "weight": 0.25
  },
  "BTC/USDT|4h": {
    "bias": "\ud83d\udd34 SHORT",
    "last_alert_epoch": 1768499788.7441607,
    "last_seen_epoch": 1768774555.6431332,
    "score": 30.0,
    "weight": 0.25
  },
  "BTC/USDT|5m": {
    "bias": "\ud83d\udd34 SHORT",
    "last_alert_epoch": 1768768959.5864198,
    "last_seen_epoch": 1768774555.6431332,
    "score": 30.0,
    "weight": 0.25
  },
  "ETH/USDT|1h": {
    "bias": "\ud83d\udd34 SHORT",
    "last_alert_epoch": 1768762111.8907547,
    "last_seen_epoch": 1768774555.6431332,
    "score": 30.0,
    "weight": 0.25
  },
  "ETH/USDT|4h": {
    "bias": "\ud83d\udd34 SHORT",
    "last_alert_epoch": 1768502013.657367,
    "last_seen_epoch": 1768774555.6431332,
    "score": 30.0,
    "weight": 0.25
  },
  "ETH/USDT|5m": {
    "bias": "\ud83d\udd34 SHORT",
    "last_alert_epoch": 1768768959.5864198,
    "last_seen_epoch": 1768774555.6431332,
    "score": 30.0,
    "weight": 0.25
  },
  "SOL/USDT|1h": {
    "bias": "\ud83d\udd34 SHORT",
    "last_alert_epoch": 1768599675.3897865,
    "last_seen_epoch": 1768774555.6431332,
    "score": 0.0,
    "weight": 1.0
  },
  "SOL/USDT|4h": {
    "bias": "\ud83d\udd34 SHORT",
    "last_alert_epoch": 1768492459.0160048,
    "last_seen_epoch": 1768774555.6431332,
    "score": 30.0,
    "weight": 0.25
  },
  "SOL/USDT|5m": {
    "bias": "\ud83d\udd34 SHORT",
    "last_alert_epoch": 1768763532.8478353,
    "last_seen_epoch": 1768774555.6431332,
    "score": 30.0,
    "weight": 0.25
  },
  "XRP/USDT|1h": {
    "bias": "\ud83d\udd34 SHORT",
    "last_alert_epoch": 1768446865.0001824,
    "last_seen_epoch": 1768774555.6431332,
    "score": 0.0,
    "weight": 1.0
  },
  "XRP/USDT|4h": {
    "bias": "\ud83d\udd34 SHORT",
    "last_alert_epoch": 1768488559.012632,
    "last_seen_epoch": 1768774555.6431332,
    "score": 0.0,
    "weight": 1.0
  },
  "XRP/USDT|5m": {
    "bias": "\ud83d\udd34 SHORT",
    "last_alert_epoch": 1768763532.8478353,
    "last_seen_epoch": 1768774555.6431332,
    "score": 30.0,
    "weight": 0.25
  },
  "last_alert_ts": {
    "BNB/USDT|4h": 1760463427.7212505
  },
  "prev_bias": {
    "BNB/USDT|1h": "\ud83d\udd34 SHORT",
    "BNB/USDT|4h": "\u26aa NEUTRAL",
    "BNB/USDT|5m": "\ud83d\udd34 SHORT",
    "BTC/USDT|1h": "\ud83d\udd34 SHORT",
    "BTC/USDT|4h": "\ud83d\udd34 SHORT",
    "BTC/USDT|5m": "\ud83d\udd34 SHORT",
    "ETH/USDT|1h": "\ud83d\udd34 SHORT",
    "ETH/USDT|4h": "\ud83d\udd34 SHORT",
    "ETH/USDT|5m": "\ud83d\udd34 SHORT",
    "SOL/USDT|1h": "\ud83d\udd34 SHORT",
    "SOL/USDT|4h": "\ud83d\udd34 SHORT",
    "SOL/USDT|5m": "\u26aa NEUTRAL",
    "XRP/USDT|1h": "\ud83d\udd34 SHORT",
    "XRP/USDT|4h": "\ud83d\udd34 SHORT",
    "XRP/USDT|5m": "\ud83d\udd34 SHORT"
  }
}