{
  "BNB/USDT|1h": {
    "bias": "\ud83d\udfe2 LONG",
    "last_alert_epoch": 1772045945.3910506,
    "last_seen_epoch": 1772045945.3910506,
    "score": 70.0,
    "weight": 0.33
  },
  "BNB/USDT|4h": {
    "bias": "\ud83d\udfe2 LONG",
    "last_alert_epoch": 1772045945.3910506,
    "last_seen_epoch": 1772045945.3910506,
    "score": 70.0,
    "weight": 0.33
  },
  "BNB/USDT|5m": {
    "bias": "\ud83d\udd34 SHORT",
    "last_alert_epoch": 1772024047.800215,
    "last_seen_epoch": 1772045945.3910506,
    "score": 30.0,
    "weight": 0.25
  },
  "BTC/USDT|1h": {
    "bias": "\ud83d\udfe2 LONG",
    "last_alert_epoch": 1772037804.0090733,
    "last_seen_epoch": 1772045945.3910506,
    "score": 70.0,
    "weight": 0.33
  },
  "BTC/USDT|4h": {
    "bias": "\ud83d\udfe2 LONG",
    "last_alert_epoch": 1772045945.3910506,
    "last_seen_epoch": 1772045945.3910506,
    "score": 70.0,
    "weight": 0.33
  },
  "BTC/USDT|5m": {
    "bias": "\u26aa NEUTRAL",
    "last_alert_epoch": 1772042037.934151,
    "last_seen_epoch": 1772045945.3910506,
    "score": 50.0,
    "weight": 0.0
  },
  "ETH/USDT|1h": {
    "bias": "\ud83d\udd34 SHORT",
    "last_alert_epoch": 1772037804.0090733,
    "last_seen_epoch": 1772045945.3910506,
    "score": 40.0,
    "weight": 0.0
  },
  "ETH/USDT|4h": {
    "bias": "\ud83d\udfe2 LONG",
    "last_alert_epoch": 1772042037.934151,
    "last_seen_epoch": 1772045945.3910506,
    "score": 70.0,
    "weight": 0.33
  },
  "ETH/USDT|5m": {
    "bias": "\ud83d\udd34 SHORT",
    "last_alert_epoch": 1772024047.800215,
    "last_seen_epoch": 1772045945.3910506,
    "score": 30.0,
    "weight": 0.25
  },
  "SOL/USDT|1h": {
    "bias": "\u26aa NEUTRAL",
    "last_alert_epoch": 1772037804.0090733,
    "last_seen_epoch": 1772045945.3910506,
    "score": 50.0,
    "weight": 0.0
  },
  "SOL/USDT|4h": {
    "bias": "\ud83d\udfe2 LONG",
    "last_alert_epoch": 1772042037.934151,
    "last_seen_epoch": 1772045945.3910506,
    "score": 70.0,
    "weight": 0.33
  },
  "SOL/USDT|5m": {
    "bias": "\ud83d\udd34 SHORT",
    "last_alert_epoch": 1772024047.800215,
    "last_seen_epoch": 1772045945.3910506,
    "score": 30.0,
    "weight": 0.25
  },
  "XRP/USDT|1h": {
    "bias": "\ud83d\udd34 SHORT",
    "last_alert_epoch": 1772042037.934151,
    "last_seen_epoch": 1772045945.3910506,
    "score": 40.0,
    "weight": 0.0
  },
  "XRP/USDT|4h": {
    "bias": "\ud83d\udfe2 LONG",
    "last_alert_epoch": 1772042037.934151,
    "last_seen_epoch": 1772045945.3910506,
    "score": 70.0,
    "weight": 0.33
  },
  "XRP/USDT|5m": {
    "bias": "\ud83d\udd34 SHORT",
    "last_alert_epoch": 1772024047.800215,
    "last_seen_epoch": 1772045945.3910506,
    "score": 30.0,
    "weight": 0.25
  },
  "last_alert_ts": {
    "BNB/USDT|4h": 1760463427.7212505
  },
  "prev_bias": {
    "BNB/USDT|1h": "\ud83d\udd34 SHORT",
    "BNB/USDT|4h": "\u26aa NEUTRAL",
    "BNB/USDT|5m": "\ud83d\udd34 SHORT",
    "BTC/USDT|1h": "\ud83d\udd34 SHORT",
    "BTC/USDT|4h": "\ud83d\udd34 SHORT",
    "BTC/USDT|5m": "\ud83d\udd34 SHORT",
    "ETH/USDT|1h": "\ud83d\udd34 SHORT",
    "ETH/USDT|4h": "\ud83d\udd34 SHORT",
    "ETH/USDT|5m": "\ud83d\udd34 SHORT",
    "SOL/USDT|1h": "\ud83d\udd34 SHORT",
    "SOL/USDT|4h": "\ud83d\udd34 SHORT",
    "SOL/USDT|5m": "\u26aa NEUTRAL",
    "XRP/USDT|1h": "\ud83d\udd34 SHORT",
    "XRP/USDT|4h": "\ud83d\udd34 SHORT",
    "XRP/USDT|5m": "\ud83d\udd34 SHORT"
  }
}