{
  "BNB/USDT|1h": {
    "bias": "\u26aa NEUTRAL",
    "last_alert_epoch": 1767588071.4890125,
    "last_seen_epoch": 1767633565.1601813,
    "score": 50.0,
    "weight": 0.0
  },
  "BNB/USDT|4h": {
    "bias": "\ud83d\udd34 SHORT",
    "last_alert_epoch": 1767557898.1915715,
    "last_seen_epoch": 1767633565.1601813,
    "score": 30.0,
    "weight": 0.25
  },
  "BNB/USDT|5m": {
    "bias": "\ud83d\udd34 SHORT",
    "last_alert_epoch": 1767633565.1601813,
    "last_seen_epoch": 1767633565.1601813,
    "score": 20.0,
    "weight": 0.5
  },
  "BTC/USDT|1h": {
    "bias": "\u26aa NEUTRAL",
    "last_alert_epoch": 1767631821.737218,
    "last_seen_epoch": 1767633565.1601813,
    "score": 50.0,
    "weight": 0.0
  },
  "BTC/USDT|4h": {
    "bias": "\ud83d\udd34 SHORT",
    "last_alert_epoch": 1767626368.94531,
    "last_seen_epoch": 1767633565.1601813,
    "score": 30.0,
    "weight": 0.25
  },
  "BTC/USDT|5m": {
    "bias": "\u26aa NEUTRAL",
    "last_alert_epoch": 1767626368.94531,
    "last_seen_epoch": 1767633565.1601813,
    "score": 50.0,
    "weight": 0.0
  },
  "ETH/USDT|1h": {
    "bias": "\u26aa NEUTRAL",
    "last_alert_epoch": 1767631821.737218,
    "last_seen_epoch": 1767633565.1601813,
    "score": 50.0,
    "weight": 0.0
  },
  "ETH/USDT|4h": {
    "bias": "\u26aa NEUTRAL",
    "last_alert_epoch": 1767626368.94531,
    "last_seen_epoch": 1767633565.1601813,
    "score": 50.0,
    "weight": 0.0
  },
  "ETH/USDT|5m": {
    "bias": "\u26aa NEUTRAL",
    "last_alert_epoch": 1767630151.1910195,
    "last_seen_epoch": 1767633565.1601813,
    "score": 50.0,
    "weight": 0.0
  },
  "SOL/USDT|1h": {
    "bias": "\u26aa NEUTRAL",
    "last_alert_epoch": 1767627941.1005597,
    "last_seen_epoch": 1767633565.1601813,
    "score": 50.0,
    "weight": 0.0
  },
  "SOL/USDT|4h": {
    "bias": "\ud83d\udd34 SHORT",
    "last_alert_epoch": 1767588071.4890125,
    "last_seen_epoch": 1767633565.1601813,
    "score": 20.0,
    "weight": 0.5
  },
  "SOL/USDT|5m": {
    "bias": "\ud83d\udd34 SHORT",
    "last_alert_epoch": 1767633565.1601813,
    "last_seen_epoch": 1767633565.1601813,
    "score": 20.0,
    "weight": 0.5
  },
  "XRP/USDT|1h": {
    "bias": "\u26aa NEUTRAL",
    "last_alert_epoch": 1767627941.1005597,
    "last_seen_epoch": 1767633565.1601813,
    "score": 50.0,
    "weight": 0.0
  },
  "XRP/USDT|4h": {
    "bias": "\u26aa NEUTRAL",
    "last_alert_epoch": 1767627941.1005597,
    "last_seen_epoch": 1767633565.1601813,
    "score": 50.0,
    "weight": 0.0
  },
  "XRP/USDT|5m": {
    "bias": "\u26aa NEUTRAL",
    "last_alert_epoch": 1767627941.1005597,
    "last_seen_epoch": 1767633565.1601813,
    "score": 50.0,
    "weight": 0.0
  },
  "last_alert_ts": {
    "BNB/USDT|4h": 1760463427.7212505
  },
  "prev_bias": {
    "BNB/USDT|1h": "\ud83d\udd34 SHORT",
    "BNB/USDT|4h": "\u26aa NEUTRAL",
    "BNB/USDT|5m": "\ud83d\udd34 SHORT",
    "BTC/USDT|1h": "\ud83d\udd34 SHORT",
    "BTC/USDT|4h": "\ud83d\udd34 SHORT",
    "BTC/USDT|5m": "\ud83d\udd34 SHORT",
    "ETH/USDT|1h": "\ud83d\udd34 SHORT",
    "ETH/USDT|4h": "\ud83d\udd34 SHORT",
    "ETH/USDT|5m": "\ud83d\udd34 SHORT",
    "SOL/USDT|1h": "\ud83d\udd34 SHORT",
    "SOL/USDT|4h": "\ud83d\udd34 SHORT",
    "SOL/USDT|5m": "\u26aa NEUTRAL",
    "XRP/USDT|1h": "\ud83d\udd34 SHORT",
    "XRP/USDT|4h": "\ud83d\udd34 SHORT",
    "XRP/USDT|5m": "\ud83d\udd34 SHORT"
  }
}